1;FgAp0FlXSA8Ag3npy7wViH5R3+Y/hWTLZM5WmBlAi8bwpz9V7PTVM9w2P4cQE+ok
2;1vwEjc+jNvfhxyLh2tfWeid2DcHIqLiwAgIVYHCk4Krx3KBIqUTVYgv/m7ZPpehG
3;szxdIFiCRJULvB3sKimBXoi+Ie96U7c2fbLKQJ1vmDvAon68hec7Zxgyo1UOWS8m
4;Zhj+6m+D8POEEc/F/DM3xxIijPGHY5fzHgDXAOdg/4/v2W8KDLxPihMFgHKJkhfS
5;EiuXe3obRJ1WCSSFLfOLWoPN8BmqzrbCUVB9iZIQLTqwB+PmeRdKdlEm7RPi7o61
6;Pcz47kTS15W12MlvFBaoStw8Z273I39h1DjTvyjUjk5vjAW2ViL4vEyeZRWio+hQ
7;LpQmasn2bHqc4MwzjICTxCP4URouCxitqDB1ijqKBYpA786qyU3QX6WbvmXdG2t3
8;uOiHa3GJz2ePgEBI4Iy/vcuU3q+DmchSEPKov4HLAr2zKbfxL4nY7Xf4WnLHaqm8
9;j5sY1ljJM6DYshYrfETYZejOOPHiKCANW0+IsOvjUZzNYVea7l9RI3oq4jT+EG3i
10;H16gGJW9gLR45YPxHboJwI+eRcRgel7DBB0q+3yqX7CqLiq2+1Ian3ARnBFB4Xai
